"C3L-03394","C3N-03428","C3L-02112","C3N-01719","C3N-03670","C3N-02998","C3N-03211","C3L-01052","C3N-00512","C3N-02295","C3N-01012","C3N-01502","C3L-01053","C3L-03632","C3L-00401","C3L-01054","C3N-00517","C3N-03440","C3L-04495","C3N-04284","C3N-00957","C3L-03395","C3N-00303","C3N-00513","C3N-01166","C3N-01382","C3N-01011","C3L-04473","C3N-01997","C3L-00640","C3L-00189","C3N-01998","C3L-01036","C3N-03069","C3L-00881","C3N-01715","C3N-03426","C3N-00198","C3N-01380","C3N-01388","C3L-03388","C3N-02589","C3L-03356","C3N-02944","C3N-00436","C3L-00928","C3L-01124","C3N-02592","C3N-01383","C3N-03439","C3N-03006","C3N-01165","C3N-03173","C3L-04475","C3L-04853","C3L-02115","C3L-02701","C3L-00102","C3N-01375","C3N-03884","C3N-01168","C3L-00622","C3N-01381","C3L-01703","C3L-02118","C3L-03628","C3N-03780","C3L-01637","C3N-04119","C3L-02899","C3N-02971","C3N-02573","C3L-00819","C3N-01714","C3L-02890","C3L-02116","C3L-03635","C3N-00518","C3N-03840","C3N-03061","C3L-04848","C3L-02897","C3L-01687","C3N-02940","C3L-04080","C3N-03853","C3N-04283","C3L-02109","C3L-03630","C3L-01662","C3N-00709","C3N-03007","C3N-03665","C3L-01598","C3L-00599","C3L-01051","C3N-01716","C3N-03839","C3L-04479","C3L-00625","C3N-03754","C3L-01037","C3N-03666","C3N-04126","C3L-00017","C3L-01689","C3L-04027","C3N-02585","C3N-03039","C3N-03086","C3L-02463","C3N-00249","C3L-00589","C3N-00302","C3L-03743","C3N-00511","C3N-03190","C3N-00516","C3L-02610","C3N-02579","C3N-03000","C3L-00598","C3N-03430","C3L-02809","C3L-03123","C3N-02010","C3L-01031","C3N-01167","C3L-01971","C3L-02604","C3L-00277","C3L-01328","C3L-03639","C3N-04282","C3L-04072"
7.79272794018341,7.48835705188096,8.33142652441531,9.45228345344322,9.86373088746171,5.41000675776509,8.59008414626009,6.18162127089358,8.33327781909699,6.91591251427403,7.40640799572351,10.2609927749128,8.46355591563133,7.28155440873297,9.88553390978069,8.62900138709847,7.2232681079437,9.54280647852761,9.94924402327278,1.6636395365902,10.3883601658787,9.63044622915591,7.73114118945068,9.56224242422107,7.10380342972227,10.9516328798622,7.37774899518207,8.75259041368871,8.81251942013976,9.87548237040337,10.7464087396649,8.39135255534912,4.68717647690259,10.5144293012633,8.05946438706894,8.93191667226958,7.79145030829372,7.9965315969686,7.2538639334643,11.2108364606876,8.54827523305899,8.95882174103868,8.02863607862896,9.38150028578225,10.625679125672,10.4835536126928,7.83477728270774,8.397872103983,11.3645824149522,7.53992144205267,6.98461096623581,9.9949597440508,8.27308851047154,8.05965770917662,9.54789107728115,3.87424664673269,9.41977993506596,9.01785521005009,10.7033273550617,8.42549134701702,8.67435416639491,9.78729964585287,7.52216046332559,8.21697581773232,9.32654830015711,9.85088546935923,8.89325597843919,10.0787858774063,11.0587226741618,10.2902063837539,10.3094429828351,8.98673476031715,9.64560357105984,10.0358180905525,8.09819573232563,7.50271145916562,9.57057161551093,11.21479707659,9.28724081922151,10.8811626358923,9.28913394093912,8.86402096739471,9.12533038827146,7.89867412491083,7.83846043278392,8.84625899334656,10.637590333997,10.3131476977147,8.06573179960499,8.5521427671004,4.90766487281632,10.8857186003317,9.00407063795616,10.7017219393638,7.79779142919861,7.88532772626569,8.77297169359772,8.20500223994987,7.77652017334626,9.27333232682094,8.93953148647268,9.09804524033293,10.7315030496936,8.89551506534185,6.7068360876496,10.3687531600284,10.4813911767495,9.52445001779371,7.92318832274522,10.5828252714388,9.91620878058236,6.05861812685411,7.60770544623515,8.14559343567581,9.02819236965917,8.20166451393209,9.0643750291581,10.0331429548206,8.38576664942636,10.0190581052282,11.0289759874993,10.1145886629999,9.70116156367624,9.67336835973586,8.8219714417353,2.75004875417705,10.7404504403357,7.43862499568194,7.99237055316637,9.67800416860696,9.4323477017962,6.82889492543496,5.51883572809458,9.74653434200981,5.16588787680063
12.1428500327685,10.759314649854,10.1832675230623,11.7972650193646,11.1065854366196,12.9244172690359,10.686111888688,10.5385932686479,11.5227840169829,12.4158692906039,9.5414632817451,12.2781756409552,10.4707637868509,10.9027473128985,9.56811572493238,9.59345361651608,10.2694863220459,10.9628296833192,10.0064330899207,9.61720952848769,10.4935551007183,9.80179820819286,11.1862081344029,9.8811139606751,10.7223889650619,8.99993091444647,10.5079769205157,9.92485494400329,9.37117324934597,9.06768089070561,10.7694132666032,9.53657623609833,7.94811277365027,5.23719330754457,11.140294513306,8.76375601725974,8.74034288740784,10.8283939384384,11.4119300789894,10.3641820226854,7.69465448279973,9.5149130342063,11.0538918150687,10.6801418255881,9.49554041743296,9.29523603686938,9.46237402658865,11.3467538308275,8.37084924295111,10.5929636689302,11.1637637887933,9.55435041760913,10.4590375553521,8.9012244409043,9.08923929211256,10.7194473199962,8.24396228877506,10.4433459245315,10.2187375521755,7.95410778058412,8.6553070925832,8.06337151178455,8.99279813828939,11.4882787671178,9.32654830015711,8.96009160892069,10.091477381652,8.89327248596485,7.19587960640052,9.38463832131179,10.7820351832796,8.44961116323215,8.21845541970595,10.2632068394223,10.2311105947205,11.0924357444396,10.8203080145281,9.66779529030591,9.41727138113182,8.51135171401699,11.2540453112288,9.74572466420687,10.1197379564094,10.3596641919463,10.8326196045823,7.85937286132038,4.60256863856407,8.03280067996724,7.75904418683387,9.32132450009456,10.5243986933596,6.84623544836543,9.37817164949256,8.45004166173838,10.5072389538406,8.68623553628727,8.80768749677491,6.98879614985331,10.7833530487266,9.37735767643591,8.72005561616509,8.84214614554412,8.81111498448288,9.45501728296639,10.0665299270657,6.78502039246129,7.59294724781701,10.4011003478225,8.36296431084339,9.02434502717522,8.31477368128352,9.2055141409149,10.3336094568008,9.31842440044745,10.1752341809159,8.50001238140311,8.15322729126561,8.66508797408428,9.72621164665572,7.68231112245004,5.93390932503246,9.10944586808508,8.09877233907184,9.86784564883978,5.95927915717103,9.11386389181889,6.27013803267086,8.76862767810047,10.8323586319064,6.54068635213196,7.91670639773951,9.66533184807931,5.51883572809458,7.437628532075,7.18555832181353
9.52021418117038,9.50493005860906,8.87198641331136,10.9912109984703,10.285047359578,9.43710425716223,10.5269386269798,9.89736022594705,10.5781474332378,9.57746608980488,8.73499811793878,10.846764808325,9.42749153622038,9.63603851304075,10.5592373725062,8.79388250909804,8.57749430308491,10.1816458770737,10.4828400227409,8.35513390348192,9.81668420493136,10.9225529604097,10.2174677054629,10.1993410758023,9.93834330534014,9.88317014578875,9.36841756458477,9.97046661244174,9.10043680047696,10.470571287782,10.8577456222554,9.8028531534164,8.85126815451608,11.7542824649993,9.52805854136639,9.35962682352134,9.27089253797666,9.09092301499507,9.5246716971837,11.4231376490235,10.713258864245,10.3880696273615,9.99468200803712,10.5396127990294,10.4947797568156,10.2416739771661,9.06456299292298,10.5420533124826,10.3836297740327,10.0628249577454,9.77224610556278,10.0323359317742,10.5752808933928,10.4219340170555,9.90826585316665,8.13998918787325,11.2069096190984,10.0982225180867,11.2265839754383,10.0888659074557,8.76783600768775,10.1835527118828,8.96704498632847,9.99645614062365,9.85654533071004,10.3344554504813,10.0785383148202,9.42360087588415,11.7112607733827,10.9589078210753,10.9575841326829,10.0158229578392,9.96284858682515,10.0662747855268,9.76710726814157,8.95773910750695,10.7994478963508,10.4982298782598,10.1951447060368,10.5866367119223,10.6098007733271,10.0680191261975,10.1393994740449,10.2463170970261,9.58681350281929,9.94044560377788,10.2007691496907,10.7097083012754,9.68206987409193,9.00333762397942,8.62390298926478,11.5232445356311,9.56033681793098,10.2918360606767,9.57928946143536,9.80855446648359,10.3707943382977,9.92693319327127,9.44084673779056,10.6610849453898,10.3505928146263,10.4230464210882,11.4777791600259,10.2513930189098,9.133395552277,10.3934218730706,10.109071286455,9.81804774503266,9.59294498874594,11.3662675985484,9.58886722172701,8.99295812498029,10.1271165439947,9.68503907729333,10.2539509976072,8.97359059378599,9.7783750062031,10.2851702829593,10.4735319652633,10.4765586269984,11.9793529966589,10.5703551493955,10.9019609941603,10.3630670867959,9.45707043305447,8.34580304924409,9.86927812914786,9.32585758698052,9.56139601969682,9.63862469179498,10.6355082421819,9.9206809331111,8.48822614885686,9.98937246431451,8.1437064742549
11.6529035654283,7.79741328342764,10.434551060183,11.5081956884763,10.628784648711,12.0100087117668,10.5612768550734,10.0716246105795,11.0067259661074,11.6744245990395,9.88683934402043,10.449908053413,10.4797770941328,10.7397258805448,9.67968539522734,10.0425875297406,9.91334316118069,10.4523283041777,10.8514029091358,10.2000587987715,9.9591245549067,10.5503152566992,9.27529885091287,10.7004397181411,11.1158095650547,9.26064245339233,11.1303817313962,10.0916509044927,9.36019288323375,8.97333307840852,11.0658415122609,9.57843707058692,8.14925562091417,9.87672952709195,11.2267205442431,7.9885016160805,7.29835712048806,9.78065651951378,11.3676476529697,9.37191842840451,8.85982046195431,10.4687963824157,10.6193729454061,10.4855840053123,9.60011459526939,8.9791779993923,10.8305815763596,9.94667789330245,9.53493821755467,10.3963993523431,11.4932594705184,10.1292648020331,11.1305412244269,9.23573116689462,9.29986975234894,11.7022977088442,9.15894283775017,10.7229852024612,9.73143052561358,7.29167663367073,9.65566053493063,9.05636722841548,8.85657462203922,11.4554908029538,9.28424490969593,9.55607004206433,10.4721167909097,9.46220540377619,8.92811820135667,9.70860160421953,9.72084118551065,9.31335621427874,8.26854874295715,8.90222036657361,10.4907640677964,10.3112035435637,9.74075658442678,11.0224846328633,9.96112935140622,8.00821301716834,10.8410926706674,10.0827747102162,10.8321474248066,10.8961639337144,10.4621527230176,8.93368201048863,7.33507976974596,8.65500479771472,8.36868995355288,9.40819430677665,9.56649038998524,9.75861216296974,9.38393538531147,8.66253980715123,10.707079548351,9.06216392228235,8.8721271019795,8.88806052469308,11.1737744447485,9.696612152649,9.09986998294538,10.2069012495427,7.81016257761107,9.59348421170731,10.713378133939,8.55800711875874,10.2983765526789,10.0871656682892,8.16244381975627,9.91771906670813,8.581557952747,10.9497703532779,9.91241808469411,9.26170810036576,10.888129365682,8.83791345832821,8.83476422426871,9.04202352999263,9.43475608502104,8.12679042428575,8.73726408256352,8.6071345093345,8.99863717431415,10.1116403428606,6.97539965937174,9.65217523956619,7.3897467313169,9.73227360757838,10.8532407671739,7.94048352842322,6.95043881529959,9.47534782546244,6.87675392558734,9.09739948481789,8.29797172690032
6.99022729523995,5.8493237122079,7.04976559204566,8.33007255367654,7.75328633772335,7.37016880315735,6.4615578019963,6.96737931566559,7.60249129672379,6.87738507312099,5.83392668737202,7.58713956579014,6.94420486446629,6.48615494767219,7.51307984799664,6.94328947331523,6.2163018396553,7.41829839840193,7.67677254331449,7.45037614443617,6.79909616208722,7.26663122498714,6.2230532550526,7.37503943134693,7.24640107397793,8.27537449126167,6.56386519370894,6.59739654579103,6.97349479071842,7.79987530680519,8.79325208725327,7.87252757809451,3.24059311236872,8.696665452933,7.37643670217617,7.63139358321415,5.95155388999704,6.5721886317291,7.79274750783605,7.43494971010691,6.99005588272387,7.6759079094403,7.47793384467946,8.02066771680093,8.33463979208526,7.57020285027232,8.04142598193343,7.27756959601194,8.38629282696016,7.69642371272652,5.61168576497506,7.64424046453551,7.24820895541406,6.26731848185203,7.2564975404458,6.07806991113761,7.394028031968,6.81236188040781,8.34677196845322,7.42528639100962,6.61994576918447,7.75761090222177,6.91976128799671,7.28261608531394,8.95938517804945,7.77357639721514,7.64288351760692,6.52494211860141,8.1789828439625,8.23850410406323,7.86421423932582,7.25835061303702,8.05656607688606,7.31988175832124,7.4865537354972,6.00609965323047,8.11701054676105,9.63385340411502,7.0705127020063,7.57350784318234,6.87604277508215,8.41125031519474,6.59705533358604,7.06949749311646,6.22396939374741,7.35504278375903,7.80039095788041,7.833476765629,7.4092270408918,7.08906923132319,7.17062556535461,8.73856810760728,7.30225273910855,7.6238996169172,5.83447059503244,5.90433313900474,6.67046598426302,7.06082057048974,8.28056848225761,7.6729741286025,7.28305400985997,7.15962360718924,7.29344030262921,8.19813419304501,6.19129499277686,8.11268842682251,7.71938116904366,7.64084177398978,6.41310010394248,8.35148811979861,6.09791013998733,6.40107429222344,6.34164407945098,7.06429039603054,7.69781580785525,6.55180314961448,6.73800115887763,8.66171517738265,6.72306004124553,7.673047535115,8.56181017672834,7.91877692688387,8.04820131274231,7.47902968077752,5.22703462524672,3.82713975021174,7.2437050312117,6.13339568726529,6.47630797092015,7.43315824751078,6.59370040432515,6.91852382876546,8.12232720744833,7.6958447388086,6.21278715270921
9.69360728940782,5.08084911841949,7.16670497699834,9.54138221674272,9.09120964855104,10.7400389174131,5.52959170620609,9.13362572971215,9.11814836192155,10.0799204392721,5.69186983530006,4.74983628544429,7.87131765700538,7.20251646550918,5.80713624242463,7.08538739025973,8.15257548335175,7.42553861530372,3.46192925696059,7.89702918547747,8.79947562648315,3.14987620302374,10.0677617946667,5.58496250072116,6.37113424183294,4.50601431045105,8.55515789897159,7.29105097059436,6.24364053819559,5.18220187960849,7.47143709296552,5.93784408379797,5.98857476330193,4.70427956914319,8.58883941299017,4.85967746992448,1.82458928012202,8.24568774291241,7.7873471100654,5.52495658676748,4.20561440539294,4.62304256799749,6.68754090971168,9.22620098467999,6.40294542388835,5.89337054678291,4.66790322760211,9.78315423720355,5.45952943685956,7.648453249053,6.79009430499305,7.61878835854886,5.98277515563638,4.91880081343661,4.61958642941163,7.69669974110406,3.75363566734487,7.96004679564752,6.94369921275666,3.21101139969937,4.85528987361243,2.95013184893748,3.57321323741303,7.46733587702158,6.28765221444979,6.23330013143264,6.57107426113779,6.82122779105467,5.57515906435606,4.30958770306883,5.8943142171899,2.31923259566971,1.55452386602698,7.16202392632017,5.67314680842504,9.81055329803679,6.43413539228946,5.17184756218962,3.72580968794937,2.54007026765578,6.99965827043374,8.37740916371837,6.22612185139992,6.66467741796272,7.24571771995881,4.0855423420268,0.991109209776659,6.00628689934034,3.14514389930844,7.93888350935356,8.75395863725615,3.48581597661812,5.98355232970013,3.30091792376184,5.80835400979996,5.2071978725406,6.16650203895542,4.03662412505188,8.39677191837059,3.88296607191973,3.89512586897188,5.27780841390172,3.30815594035757,6.75590887914033,7.94965139466576,3.43519565368691,4.47259018312773,7.23942416106649,3.63192149430571,5.28390695716195,6.81045125170974,5.3637050064518,6.71139767045068,5.17639210787526,7.49545750368553,5.14389123765106,4.46905658489836,5.28155883092681,5.77431569198453,3.74986653487069,2.60749002772699,6.87094429281831,1.14790193207857,4.2541735735004,3.13622077514803,4.54906176234645,3.57405928169266,3.36251101649038,9.40171007116621,5.5913541079738,3.13252448584383,7.62291792999997,0.999144351416707,2.2906585576253,3.52626706472416
10.480465788434,10.7289284753839,9.32352965938227,10.5992317540902,10.3946377858664,10.4453561197115,10.0857568738429,9.5278025963715,10.2556790983626,10.6985913851229,10.3135782457455,11.1380195557715,9.51183501108454,10.2134729062755,10.6728420247941,9.70760567661593,10.0095953367663,10.5678274173968,9.91673471840386,9.54411872165071,10.5617760851241,10.6162996726475,11.2528093840713,10.1059085085712,10.3611430354435,10.6305158108628,9.72403729131298,10.4703251942276,10.0663562675971,10.2904573885137,10.6624210959677,10.8775838818376,10.7206212531722,10.9066172391028,10.5799213666127,10.2518380675687,9.55394589901163,10.7053516168203,10.6824125982016,10.8140263455138,11.5518152985983,10.2878019066701,10.0928396066325,10.3696363629764,11.0094444971185,9.83851682295809,10.3281667630013,11.269982085949,10.0838755562904,10.2448060830128,9.79569252567361,10.5472549646783,10.1107919075296,10.9548347530305,9.44025203703642,9.04788489252043,10.5579857371559,10.5814243361338,10.3473290881133,10.3132931191488,9.47727080003535,10.4766466605288,11.0695102914861,10.4934365949913,9.81109757784342,10.7463329366769,9.91507405828915,9.83116264673416,10.9919932247141,10.2754980493201,10.7126331970417,10.5172070611433,10.6186285180466,10.2885911508193,10.790646416724,10.4587157513324,11.4442334435137,9.63899624830805,11.0278325163123,10.4103362910743,10.6934421050302,10.3339375008954,10.5022543957232,10.1624133079453,9.92703445175306,11.5537048797222,10.0134615959414,10.8078699225045,10.3447567279685,9.96722625883599,10.7399049616083,10.8994824842391,10.6329898178086,10.4145024340624,10.5990436705145,10.6283915188888,10.3849061107856,10.4003950921888,10.2870845083807,10.5014050686677,10.9882276333677,11.4393817224987,10.1485707881577,10.6902784266481,10.0065014098852,10.4203379640297,10.5469138764708,10.646029618211,11.0998630522305,10.7411376276128,9.97932493439422,9.78073978587075,10.2353230565059,11.6544041977604,10.7685677614708,9.57359884882624,10.2933670826422,10.5111807948381,10.1544032545872,9.94575107815506,11.3218170199753,10.9388651903292,10.8584998313989,11.5489488934372,9.34856659123585,10.1056966296676,9.80800247565998,9.68566139938005,10.0747402371994,10.1487266300862,11.3508101983372,10.5623678667786,9.55976926735453,10.6854414152251,11.684596555642
12.5883006827092,11.9948305717896,11.0595120588845,13.1739385737095,11.653319698345,12.2694746807482,10.7297271086011,11.1967349359982,10.9639000680423,12.2676628542528,10.3164963820269,12.1106007323006,10.597620451806,11.2688650215128,10.8458329532167,10.5792299482133,10.679006590832,10.8121139162102,10.8066193519461,9.81279605488216,10.773670439994,10.5393229694402,11.7081427705512,10.2597432636908,10.8201222584555,10.1793747451929,11.1693052839115,11.0477103450276,9.85672188964015,10.4567357099169,11.8133510677315,10.3470226304869,10.1029598439045,10.1200898671823,11.2588491918218,10.7351024205736,9.15677267652359,11.6744716688737,11.5030108517173,11.0480536365329,9.68955718649574,10.56669830888,11.1009670866334,11.1274268009539,10.5709193249273,10.7340287754786,10.3753775957345,11.6044959981577,10.2757983074856,10.2629635281701,11.3590450234887,9.95990098572954,10.4066177492877,10.3397367137328,9.55343579203094,10.6475324803369,10.3683014943676,11.340931429914,10.1650313989023,9.78021880599425,9.22031264680226,10.1635880855279,9.72955897709935,11.5901428045436,10.2770430940176,10.442209646187,10.5746657437038,9.94219979426021,10.6169107818847,10.418283821818,11.1467292034704,10.1316078788372,9.86880816109793,10.8808510120578,10.7505869530516,11.6630824754058,11.0379744603835,10.7269393997283,10.3193806962476,9.64334833102436,12.1282832905146,10.9325074112394,10.6853696131548,10.3632334485631,11.6307524954509,9.93424864725765,9.3466083763175,10.4940133110685,9.68853404959423,9.78379979643978,11.306136427145,10.335618784253,10.0710930804973,10.5124050256365,10.8882309320931,9.6197147192104,10.0924151739104,8.89638431392676,11.8025313092045,10.6063442518732,9.32117466623373,10.5084422218012,10.2299747561766,10.2751161733332,10.1349106951474,9.43921607204777,10.2878956924123,10.9638390942915,9.34783612546907,10.4668052295068,9.98753455013882,10.3276593142186,10.3455411985486,10.2620646835007,10.8652972768201,9.31698045651389,9.76054202565168,10.0977442074164,10.3556430148888,9.44165991764019,10.1041031397976,10.7568713863629,9.25907936604457,10.5600680855924,9.08092780556211,9.99985500904314,9.6406686521153,9.3900178671821,11.3038343637487,9.33425732501501,9.7959316252188,10.8839215945188,8.49257300599172,9.79408001355483,8.13494902928895
10.6907404303955,7.72073202761025,10.412380315847,11.9042996015465,11.9673798080954,9.95734049837434,11.6916092028016,8.75465697986177,11.3234216527155,11.462120248712,10.291491611529,11.5476748183091,10.8038360387119,11.391769994797,10.5736517303113,10.1514106665524,10.3145413802033,10.7128597129674,11.5048636738401,8.95896373937575,12.2999375530476,11.1159806496898,9.64495962948625,10.7064960180612,11.3896705383271,10.3916737566409,10.511088790578,11.4899854022662,11.4737159190516,12.2452399151838,9.36020999527163,11.6756734556349,8.51205313511054,13.7441340028823,11.2124728825071,9.75317728673166,6.56227588789613,11.6555874436606,10.2299468864079,11.8605781336433,11.4778637454623,11.776898925335,11.6024760817361,12.6915469595865,12.4635415253221,12.6932662272409,11.7199260353202,9.77540004116521,13.2861472169154,11.2591408960294,8.91340889494412,11.7688126841736,11.2833520587177,12.8988499616678,11.7572130784863,9.06318600768422,10.8992997269722,12.0353692134049,12.5435661942249,9.2744113901967,9.91487043253508,12.0305582315268,11.0972948323397,11.3793483107877,11.8407865637947,12.568663256631,12.4610337182155,12.0902278066058,12.6388157734538,11.3794557402781,11.8145458887914,12.2016550882059,12.237134781145,10.5043848639203,8.59429071017085,10.9458007536765,13.5581856258045,11.0244372992447,11.0958398489034,10.9814672864173,11.877775691926,12.0198060800951,10.334260107077,9.13147074337579,10.0205501916758,11.5902974451579,11.3666589124021,11.5096956013955,10.9735579007012,10.5535986480155,8.63819757159638,13.3957266480235,13.1663604223761,12.5861140406933,10.190744648891,10.9959413868614,11.19458655822,12.5321633364676,12.3742496464594,11.9010719123302,11.9886801956742,11.1638463486018,12.1259859704199,11.593183169041,10.0564886696202,12.5851806546045,10.6303950027166,10.525702501757,11.6875745817797,12.4893866482593,12.0494689426755,11.5452613463208,11.0472413895573,11.4969483654668,11.6043788464361,11.0447636516588,10.7439463578702,11.2741253559418,13.3504104147775,11.2728425755076,12.206448947068,11.1823082292668,12.3146006169783,13.5174012349652,9.20726982688645,9.08220586893209,10.647931210997,10.3180965731893,9.99615447030793,10.9941547832305,12.9305907216918,9.231678881531,9.4615391316343,12.4570282675291,8.93648743564275
12.0163192084473,9.01303559636874,10.9436357671614,11.9197697223281,10.7488307934076,12.3183323976768,11.5465435401684,11.1144472529074,11.6804651382536,12.0910660561805,10.8513523829944,10.835148954813,10.7797179154622,11.837664027304,10.1712992608481,9.74370408456447,10.7112306469208,10.5957974796847,11.0706670979712,10.4665278135196,10.6109253751588,10.5300979026032,11.0304320358153,10.6847486204216,10.9051591712029,9.6907691805238,11.4932692333798,10.8820571099575,9.91986595947753,10.019527397387,10.6887076354016,9.90575506851802,10.1354095626916,8.23505691080672,10.6347355662532,8.51888979925627,6.50442917437655,10.4768237341596,11.8440911426743,9.82696116722398,10.1590132741728,10.9730390945189,10.9764544548884,11.1045325792147,10.1306207764728,9.95502338135102,10.2074022729925,10.7720053597434,9.81143577066829,10.5353692566111,11.4777938421459,9.79383210638194,10.9667121681158,9.54722576874977,9.33466309800341,10.9507574825192,9.28497285736747,10.6417248777574,9.59072661016676,8.37471400418104,9.38729898932575,9.16253190051986,9.13487009793498,11.3722248632148,10.5713810244451,10.0917315040125,9.79049228543546,9.13167307144971,10.1159895016373,10.4017125720075,11.5453691983971,9.9954102257684,8.30098543212524,9.90519278196075,10.5787544462696,10.6682841057837,10.8423177103886,10.0446062449215,10.0812704300567,9.2687299033968,11.9332311307215,10.4005161076851,11.0616947829632,10.9058938163289,10.8065636262592,9.98143034441085,7.78194078780251,9.59439543380763,9.65692681907233,9.56982322468976,10.1594896527183,10.4951804419641,9.81248402914131,8.90333268201191,11.0591253444827,8.96190244465578,9.83515300778228,8.79313786106879,11.072010049216,10.1082246342021,8.88316364389879,10.1996436913829,9.6211888584896,10.7142571733813,10.2396818576827,8.3163658732333,9.52445001779371,10.9192696535458,8.38700654431428,10.5637845467954,9.57097850771279,9.81478336282977,9.87207718811248,9.22090836595496,10.1510209000881,9.10871794857852,9.74380031829661,10.4678481645698,10.9668971465658,9.03401404342189,8.13638384348226,9.97804137651753,9.01303789483758,10.5779902923811,4.5917590507878,8.93533684980585,8.53732008840584,8.47030275094359,10.7542422095903,7.48949767969954,8.11259372746194,9.59229173252998,7.93571850405496,8.79580872588384,7.27424791946791
10.7776756381082,9.65423143385684,10.5965961832613,10.8483703800554,11.1080643137498,9.40843757573803,11.4508552688749,10.2066641417938,10.6147407973864,10.851969019028,10.628580045131,11.1907395056286,10.3104705659863,10.7429331562778,10.6800439210517,9.87956487625234,10.8562222173238,10.9628296833192,11.3790338063155,9.66660770994446,10.7826480393835,11.0524795366546,9.28002387086543,11.0660891904578,10.9591393809431,11.1304807666901,10.1324375601534,11.0529572891158,10.6692652741112,10.6393797939372,11.1859545666601,10.5373471469459,9.66611773192421,11.8438702486107,10.3320056210134,10.7840101863064,8.10941961673405,10.6090241790446,10.7008030638936,10.4307116977804,10.6878196900904,11.0189062497011,11.2880799252728,10.4643020494435,11.3919955898846,10.9782114319975,10.6226795700972,10.8599715979505,11.6238838893942,11.1121407328285,11.1799411804449,10.8821866018585,11.5843807278804,11.1936897841007,10.7036547649012,9.29455026722171,11.270721623084,11.2364760416649,11.4329468929808,10.6519389830362,10.0026351319356,10.8648310031775,10.0609956167359,10.977561673498,10.5201089688435,11.161385134899,11.4444852040267,10.3784528561625,11.7054533231503,11.2181754654869,11.9125718364141,11.6253769326093,10.9467863599798,10.4717803354232,10.6953476353522,9.87281136572187,11.8586838937653,11.2187780058879,10.9564841478447,11.005773757703,10.5109772704312,11.0354754326285,10.8594823696054,10.4794964431479,10.4694324749692,11.3874521022406,10.6617483114427,11.1018619324492,10.6124807033225,10.2435873671956,9.6848869758624,12.2731159603891,11.299450711398,11.1276183287903,10.0579716283741,10.0870661826533,11.0270795568443,11.1799956073821,10.9739693286562,11.1432838566463,10.2218563831749,11.0009798814537,11.6419065395444,11.3549914933911,11.2041456922028,11.141170454053,11.0975289365076,10.7713049132906,10.6193873730431,12.8675428185635,10.4530241212654,10.8980300336027,10.8205193506185,10.72881742473,10.8859356089131,11.4269897213766,10.7880355298101,11.1370656748637,10.6449947533626,10.9853321789614,11.4888901205814,11.0163393993768,11.0261484973242,11.5689587206111,10.5565526688974,9.45580271439707,10.1257639470776,9.75449039582047,10.6507212338726,10.17460567485,11.0927662764584,10.3667828225033,11.2010789487325,12.0085007374464,10.2954178455275
12.5677474996794,10.8983745999054,10.9138700344404,11.5763755771072,11.1140679708311,12.0939045294867,11.0881807012823,11.3702418326615,10.9501324655975,11.5122345280945,11.8282468050161,10.5587006870314,11.4572158301829,11.9312130795183,9.83534421217709,10.8792544103212,11.1776088944799,10.9041468925227,11.1111139294994,11.1339039475022,10.3459216173136,10.9698573340982,10.952439081845,11.0519634050073,11.1284396344183,10.4546033802289,11.4045067533227,10.8012413314803,10.4583200602416,10.8567010317056,10.3588600658012,11.1416034343269,10.7601694748385,9.89027971292743,10.8320077012038,9.2078308776239,9.39945587090048,10.5885454663973,11.2761365747175,10.2254491403326,10.3523172009877,11.5285595124373,10.9943307055464,10.796837919953,9.91252288118014,10.280491055784,11.5032445090033,10.1768820934672,10.4292852225696,10.9868884557971,11.8382572171849,10.5712785652355,10.8843606316129,10.9524075739209,10.5389564553779,11.5039115022723,10.3027452962895,10.5234343653825,9.91127513333204,10.0119921799576,10.4970247170619,9.81843629100432,10.1832738434696,11.0007804718263,10.3072243362084,10.9416427034373,11.271476924064,10.4312268508875,9.76099250347356,10.0691991940822,11.0556707906528,10.5113452758412,9.99655349727268,10.0890505554065,10.6916813658668,11.0048283528325,10.3126420778563,9.66275500157748,11.212054971996,9.90705552087222,11.3054460700436,11.2834504647955,11.2965973680453,10.8498570070162,11.5753371942421,9.98266181764234,9.32993333786664,10.1967473718957,10.5390222967258,10.2990279090032,11.2333126532561,9.15949414261085,10.9863851129095,10.1043584017546,10.7266908486642,10.4166376902376,9.98378608235821,11.3845840383312,11.3845985104689,9.76017661646368,10.0871602268735,10.4133876740756,8.79388399373236,10.7584990484257,11.2064015004051,10.237250585243,10.1843101811219,11.0533182134614,11.2619293553331,10.9811302621385,11.2994181118617,10.6985839571865,10.8231267775371,9.66348427688952,9.77967680704158,10.9026048330533,10.8945026700324,9.6337243635955,11.1348379043045,9.52335762766215,9.46548174642338,9.47792850414903,9.9331111247778,9.66924554738623,11.5805196879503,10.8289481296673,9.97808697588221,9.90415430761959,11.1112564661269,10.3794809734565,9.66595386121786,10.3400029485881,10.0626973613076,8.35357182619129,8.88051592765211
10.0256166004931,9.29551383142578,10.7060776224802,12.6523268044756,11.4661854544466,9.97284490850081,10.3702270698011,10.4741174115766,11.7689479763188,10.7588095983927,9.8151682363872,12.8950494028401,10.8949668576678,10.5110778049458,11.7074591444803,10.9257469865737,9.84128305574075,11.35677500143,12.3878052068425,9.61720952848769,12.7107259069409,12.7458191734313,10.9412832105113,11.2057932493972,10.5014603502753,11.5493254267516,10.5056384764583,10.8241768795352,10.2419427288,12.7283797507226,11.3215310917805,11.2716537128079,10.6085528695715,14.0928737778838,10.9700287000606,10.0722060422184,11.3626421130167,11.4938787744279,10.16204564427,13.3232849139331,12.3806060276949,11.1925513540352,10.6140410023628,11.829718482247,12.8452790606808,12.6024809852054,11.3397681428083,12.5891747340404,12.5220071181643,11.6605275096431,10.2906752702424,11.5227235139206,11.4803531092594,11.5387434134306,11.1617382919,9.76478044871814,12.8322914187542,11.1693411394605,13.23942512763,11.8742566181442,10.377413846282,12.0803326057353,11.5748087826609,10.4670984850929,11.0461446437662,11.5823723510112,10.9698372591841,10.9342352321157,13.3437163500056,12.3307401982,12.5448243704902,10.9516124924839,12.4694411735987,11.416253507588,11.7214953682617,10.6143593248269,12.1218810481122,11.7336631258811,11.2281058100348,12.451261074175,10.8792926344969,11.3112162504871,10.6491281184129,10.1531317733794,10.9436414674267,11.0758445762666,11.2195905977284,12.940100536827,11.3581074756063,11.1725575312314,11.0123529034867,12.9265735722177,11.4778394709165,11.2813416717429,11.0471085326553,12.28527353287,11.4540346987467,11.4972511198166,11.0818812630768,11.9989356608456,11.7141412340458,12.5546363915333,11.8614030829335,12.4096661292413,10.5429035010715,13.2739013374746,11.8419653770918,10.994934356464,11.5799403552205,12.3739883206894,10.7089462181307,10.1120778855382,11.6708347241027,11.4058697306166,11.5018592637377,9.94120836578666,10.5262560268973,12.1408220641053,12.2141480263256,11.6428045634601,13.4019109521017,12.8776114508321,12.9854291019084,11.2179240675668,11.5593935456852,10.3240243443529,11.0094444971185,9.95173173101447,11.023078035659,11.0072765527366,11.7462157298111,10.2980961457425,9.0928753701678,12.4161748819816,10.5588646234716
11.9769209074244,10.0054797885787,11.4085120869723,11.3299490297339,10.7124843143369,11.7033439792144,11.5506065658433,11.6936666985787,12.0004258409898,12.368824035719,10.830988072856,11.0897898160676,11.5293411472316,11.6284589184644,9.82436260454562,11.1587494456172,10.9914684622905,10.9534258481377,10.6115267733261,12.3657524104618,10.2584057075251,10.7854404118759,10.6940270253399,10.7406240444894,11.1229590373923,10.4009960282921,11.4517729897064,11.0544529567669,10.3109756267399,9.79975900992742,11.0799319972358,10.3781573092818,10.7185642688998,10.2740707437897,11.1847643267383,8.76104643860551,7.74509903756349,11.2796372045484,11.9686960519289,10.3225165700409,10.2919096603098,10.8644571894097,11.1630483179002,10.5549366687665,9.89563823086936,9.95502338135102,10.9865963003933,10.2646066323521,10.4354411479408,10.4086778637123,11.3920270481298,10.4971095922735,11.0701485508967,11.1226594486291,10.6306506480492,12.0067038328248,9.79643856296305,10.8698514772446,10.1435784637951,10.0700359798989,10.5543807674111,10.3960213908963,10.3181159066199,12.0570291776101,10.5430319736176,10.1581978509992,11.5656217048673,9.67349098505949,9.94692541372159,10.3583564023539,10.805066453087,10.2849626370676,10.0787751325301,10.0250977704874,10.781609318928,10.639782097562,11.001968678809,9.8619817073951,10.8235698207525,9.97223117209648,11.4147518215419,10.5837712249305,11.3504346658291,10.4770327506597,11.1623841265838,9.68808099234917,8.90029904047805,10.6276115230897,9.96043906416027,9.95161626622199,10.6102470885773,10.057694598008,9.86925358856464,10.105603360964,11.4138930953821,10.6265741646351,10.302831752824,9.71059128650516,10.6534188165014,10.4967192498717,10.1611820827223,9.67955983401949,9.42158594854879,10.7694536364869,10.6457732247846,9.73223709844245,10.4951026440502,10.3466306084666,9.4982203495606,10.5393707609763,9.81984302935987,11.1455461155181,10.1264654206086,9.95946119911808,10.9227811476537,10.1544007803221,9.81836290897044,10.227885487624,10.7348229166975,9.7544729408026,10.0424117743214,9.34861461551389,8.96207779945308,11.1462927889287,9.24056485199894,10.0731810189499,8.95029968597164,10.1472753891479,11.4847409763314,8.21715221305637,9.42277296243217,10.1701410817535,8.09635424167874,9.70514404019299,9.09389691480196
7.1081345613393,5.71341901844134,7.54971592584575,6.62978165315653,7.23134648804422,6.40701059048023,6.39246246647686,7.47357239379169,6.81110030393148,6.79713342952486,7.06071092831069,7.57848488051827,7.30237616610123,6.48615494767219,7.52190689144853,7.81065466324967,7.11199141176334,7.51642299250859,7.19797838621605,8.96710521041227,7.89644438684766,7.86877886850369,6.86048298224794,7.35755200461808,6.96604106444526,8.20375056464712,6.96716579564019,6.29931733458606,8.23437132820479,8.21855193228646,8.49203451340822,7.60768549027651,6.94588586450618,8.60404860919561,7.15452204061455,6.81446062594017,5.13364267173553,7.75905656335505,7.15547958094823,8.35632613533106,7.4293688275647,7.38918019963998,7.21910028896699,7.10948571862334,8.79744269787111,8.01488305733668,6.55734257602367,6.90359043413215,8.1297128359537,7.34715582027223,6.56447003474199,8.23784696746468,7.17817572639739,7.82467067207633,6.11760725927115,6.80067926744469,6.99788355432857,7.98886524097235,8.20282829951667,7.16785856449717,6.78119439887724,7.96858914823437,7.66130898930973,7.54338804063679,7.92871337150364,7.28649911650036,7.49949224209174,8.0082661631157,8.54258447744914,7.93148471109215,7.49426783290794,6.88681364986112,7.91118284903502,7.68717494846873,7.61627398823884,7.07383705830538,8.02080613485149,8.03433745406142,7.12533377643252,6.96437709682548,6.57412589732432,7.70905809155009,7.23527078827218,7.33834634645528,7.06086201388845,7.53912254959292,8.65369070514716,8.66404847152707,7.21924281282526,7.78751868290072,6.54196249774367,8.25725654288208,6.7846252771609,7.98261407757374,6.92701101242052,7.62605340188811,7.5033180110013,7.65182300046059,8.5889524279671,7.59918645207893,6.86902900882065,8.16318035288731,7.66918418777451,6.66451977105264,6.29992582465416,8.27135069006723,8.92890902634588,7.58597198372265,6.95990135263009,8.36530045267474,7.61188960604756,6.03809889343541,7.59489341392947,7.44277431788723,8.65201987051038,7.09338267602855,7.69406444604833,8.6240803536557,7.08994392645968,7.86751756342257,8.73726408256352,8.01670771333781,6.57509095658548,7.6993708429158,6.47088545869367,7.42275176703766,8.08058875188968,7.39351501925296,7.02954526667927,8.16257646048018,8.41522693608956,7.87499597255159,7.80067456987928,7.58643633286485,6.07314491672675
10.843890369332,7.0277035674582,8.56064991552254,9.82184337197706,9.97686415621565,10.5588558794686,7.93514226471794,9.84198930597596,10.0662412729454,11.2392127439832,6.90245883671183,8.22237975309482,8.75888702649124,7.82741740619267,6.66155384576877,6.78537195839448,8.35429904888026,8.33509928962718,5.7563499847388,7.60771233654946,8.7748533217709,7.40408449858836,9.64862002338738,6.22881869049588,9.16398472890715,5.30274673950773,9.27316322993802,7.45851116264244,6.06502965818345,6.31775200900979,8.58462004670822,6.54151740045057,6.03857472051705,2.35213978457159,9.07322341050708,5.71754957811832,1.82458928012202,10.0470325052527,10.8508218234834,6.90231468270087,10.6116523347028,7.65213290698141,8.95293393861218,9.80709922596297,5.60901739852964,7.13340580906888,7.86067378646684,7.90781705512337,6.44791470770653,7.62030423208111,8.90305413116516,6.88647784676064,9.3539915462042,3.85502135690571,5.14290589582133,8.85904537531718,4.83765762123413,8.45742716234391,6.71533737142863,4.46864418221922,5.4803709612039,4.7274436215695,4.07406669633268,9.8872318059985,7.13855832277977,5.17379972655114,7.82427642852525,7.09225656361229,3.35295913700061,5.89002466383486,9.14047471308683,5.08155686503229,5.72087145961114,7.2670161566728,7.88305698316692,9.99873264515286,7.62508577887419,7.50005407355762,6.10767789648688,4.31603742359677,9.0903063144488,8.5601471579457,7.99653630747022,7.17642324038764,7.51737850507235,3.74889332906782,3.2923935290587,5.44252369371011,3.14514389930844,7.20736582949149,9.0748650650298,3.48581597661812,5.98355232970013,6.85121016647002,8.77889211692487,6.87966312944744,7.27132746417761,4.03662412505188,9.4097458187592,5.0525828510009,5.24752837011137,6.33074121940754,3.13082101833863,7.26183384659389,8.54389973993813,3.55984709591077,3.86286751330448,7.33426769883062,3.63192149430571,5.62325263400694,6.30739933393681,8.23043355694089,6.29386615322316,5.93667125669752,7.70454094205133,6.19745274332225,3.28190146862844,6.86638048828728,7.69121367781652,4.7693266639507,3.7326884473434,6.39907228187795,1.8193815168499,6.29458128924059,6.47088545869367,5.10311347721973,4.73930646444768,6.90923254885839,9.98311664651373,2.52333125294207,3.54266514483191,8.96932511461504,2.31994134040246,4.39937620026597,1.11241340508678
11.6858546975234,8.91257046977621,12.055211872163,14.583574135401,14.1140888729316,10.6847100774622,12.4413999536147,12.3746294058876,12.3309525287565,12.1606887419597,10.3651757640424,15.3398898191218,13.0530166089767,12.0880789198779,14.5672871369659,12.3004470646824,11.2991916326153,13.455523982553,14.5544599333411,8.55429798184568,14.8986960946606,15.1458042485878,12.5916673782288,12.7885144326066,11.6858454122335,14.2717418394354,11.5313071897872,12.8003498835797,12.1548018410483,15.2601881510307,15.0115327376032,13.3959801260898,9.85884963557146,16.7805656964696,12.8940812869057,12.5539458335185,12.7165277113204,12.6747924080491,10.4655854911722,15.0409078965164,14.2508616433549,13.3205498528475,12.8170628763301,14.6223392722469,14.6486506052565,14.8641158815896,12.4524360359391,14.7202809663331,14.9215276202145,13.0361424127981,12.2622057545943,14.0211212503431,13.4508075349532,12.8351008990731,13.8152112968184,11.2110289739062,14.7877204214896,12.8078853568789,15.4849358105561,14.8487382810681,12.2982133817748,14.9668910917337,12.8485861628817,12.3962905937783,12.8393516013323,14.4773786187867,13.993237097988,13.1779540144084,16.0221130320508,15.4252177329028,15.1021072891281,13.471554836277,15.0794343206593,13.1952333339918,12.9989396730377,12.0564650650029,14.4062259415857,15.085449463515,13.4672846209849,15.3104621642066,13.1105170045101,14.1750274150179,12.4172119296818,12.8802451569342,12.9018033575134,13.3630289352135,13.7041115682862,14.7409937959807,12.9464794492836,12.3324796769732,11.3234798516872,15.8437995893349,13.9976214864911,13.8502290558165,11.6647754898035,13.5067665798252,13.1982434024442,13.1673213042996,13.7131206622766,14.5348076471648,14.2206478641918,14.4573222462027,15.0465031092121,14.1349507951141,11.5374468751198,15.0575337975854,14.4435909992092,13.8740169248314,13.5847564156371,15.9596413395905,12.4427870749841,10.2478881733587,12.8570700494972,13.9590377413268,12.973650431657,11.4068146853852,12.8217973618562,14.6480308739006,13.6713648926852,14.3068938980462,15.9527087234369,14.8889727010273,16.7065523254274,13.5430173882342,13.923001592927,11.3262238858339,14.0555385001652,11.207298202256,12.4555733913821,13.6379048158265,14.4033354492561,13.1152212385401,11.847057872156,14.8795701819991,11.8393649479245
11.6263878886822,11.0171572268753,12.0222072492475,13.1935241389908,12.0395200399285,11.5623745129661,12.1766480414848,11.5798525705035,12.3843791377352,12.2894175365802,11.8151960671152,12.9254756273557,12.1297524206302,12.034924414717,12.40185291051,11.7761987237999,11.9451964257188,12.1440772820019,12.7205318656793,11.453816067645,12.1565469107251,12.6748388451562,11.819840779839,11.8376279331714,11.9231939268031,12.4774419921413,11.9619273866309,11.7003248368667,11.5121365186055,12.9166602128886,13.1258525188882,12.0354362013145,12.7805444781551,13.0148113413048,11.7515443484634,10.6304218268259,11.1829196135191,12.6802533294118,11.3370425825005,12.6786820107626,12.5582976544928,12.1226428314448,12.2042272628227,11.8000681058772,11.8761912568953,12.502632164089,12.2563568227641,12.1526022098219,12.3142357919418,11.8012177420021,12.6515854931785,12.2128516178286,12.4807482273975,11.9645222186344,11.8435410503967,11.8803938280479,12.8296358994223,12.4899700951119,12.6889421777146,12.5150489615407,11.7626885230357,12.6224862836986,12.1080278743573,12.0955707144957,12.0430019098592,12.3929189239574,12.5231930917696,11.5476650584016,12.8719261519345,12.8452876852486,12.5816882232132,12.220315176528,12.6314842313458,12.2607329769331,12.5555334295615,11.8165963838927,12.6225365096707,12.1609842126991,12.2612206846072,12.2827649837093,12.4998730716852,12.152937520214,12.2592263580969,12.0330775708463,12.6091954812349,12.0949390178043,11.9195981454762,12.93224289116,12.1827499512128,12.2317580992564,12.5424541360733,12.9226818480438,12.5609224990929,12.1989845204283,12.7982052173747,12.3333941839445,11.5166376871312,12.2146704477709,11.9934441706203,12.8363263678397,12.4670407115691,12.3960434609415,12.2340040708413,12.2243919830456,12.1407255785512,12.7431821415147,12.6780853181808,12.257448076286,12.5521489283298,12.7699483551724,12.319780747813,12.4053352255315,11.4258975987311,12.2088124084653,12.3235601146864,11.7642253227629,11.953560165713,12.5515216571968,12.3490348556674,11.9652802641841,12.9991771562341,12.6740415324482,12.5901272145372,12.99953842431,12.7654385351043,11.6821196609539,11.6591879308258,11.6715719055413,11.864201885431,12.647998837376,12.7968573425292,11.5413055641774,11.8781904804335,12.6447709987771,13.5134210529825
