"TCGA-2L-AAQE-01A","TCGA-XD-AAUL-01A","TCGA-2L-AAQJ-01A","TCGA-2L-AAQI-01A","TCGA-3A-A9IB-01A","TCGA-3A-A9IU-01A","TCGA-FB-AAPS-01A","TCGA-HV-AA8X-01A","TCGA-LB-A9Q5-01A","TCGA-HZ-A9TJ-01A","TCGA-3A-A9IH-01A","TCGA-RB-AA9M-01A","TCGA-IB-AAUQ-01A","TCGA-3A-A9J0-01A","TCGA-FB-AAQ3-01A","TCGA-FB-AAQ1-01A","TCGA-2J-AAB9-01A","TCGA-2J-AABA-01A","TCGA-2J-AABR-01A","TCGA-FB-AAQ6-01A","TCGA-2J-AABE-01A","TCGA-2J-AABT-01A","TCGA-FB-AAPQ-01A","TCGA-HV-AA8V-01A","TCGA-2J-AABV-01A","TCGA-2J-AABF-01A","TCGA-2J-AABU-01A","TCGA-FB-AAPU-01A","TCGA-2J-AABH-01A","TCGA-FB-AAPY-01A","TCGA-2J-AAB1-01A","TCGA-XD-AAUG-01A","TCGA-2J-AAB4-01A","TCGA-2J-AABI-01A","TCGA-FB-AAPZ-01A","TCGA-XD-AAUH-01A","TCGA-3A-A9IX-01A","TCGA-2J-AABK-01A","TCGA-2J-AAB6-01A","TCGA-FB-AAQ0-01A","TCGA-XD-AAUI-01A","TCGA-2J-AAB8-01A","TCGA-3A-A9IZ-01A","TCGA-2J-AABO-01A","TCGA-Z5-AAPL-01A","TCGA-FB-AAQ2-01A","TCGA-F2-6879-01A","TCGA-HZ-7925-01A","TCGA-IB-7651-01A","TCGA-HZ-7926-01A","TCGA-IB-7885-01A","TCGA-IB-7652-01A","TCGA-IB-7644-01A","TCGA-IB-7887-01A","TCGA-IB-7889-01A","TCGA-IB-7646-01A","TCGA-IB-7886-01A","TCGA-IB-7893-01A","TCGA-HZ-7919-01A","TCGA-HZ-8001-01A","TCGA-IB-7647-01A","TCGA-IB-7897-01A","TCGA-IB-7888-01A","TCGA-HZ-8002-01A","TCGA-HZ-7922-01A","TCGA-HZ-8003-01A","TCGA-IB-7649-01A","TCGA-IB-7645-01A","TCGA-IB-7890-01A","TCGA-IB-7891-01A","TCGA-H6-8124-01A","TCGA-HZ-8315-01A","TCGA-HZ-8317-01A","TCGA-HZ-8519-01A","TCGA-HZ-8636-01A","TCGA-HZ-8637-01A","TCGA-IB-8127-01A","TCGA-IB-8126-01A","TCGA-F2-A44H-01A","TCGA-FB-A4P6-01A","TCGA-FB-A4P5-01A","TCGA-H6-A45N-01A","TCGA-HV-A5A3-01A","TCGA-HV-A5A5-01A","TCGA-HV-A5A4-01A","TCGA-HZ-A49H-01A","TCGA-HV-A5A6-01A","TCGA-HZ-A49G-01A","TCGA-HZ-A4BH-01A","TCGA-HZ-A49I-01A","TCGA-HZ-A4BK-01A","TCGA-M8-A5N4-01A","TCGA-F2-A44G-01A","TCGA-HZ-8005-01A","TCGA-PZ-A5RE-01A","TCGA-FB-A78T-01A","TCGA-FB-A5VM-01A","TCGA-US-A774-01A","TCGA-OE-A75W-01A","TCGA-US-A779-01A","TCGA-IB-A5SP-01A","TCGA-IB-A5SQ-01A","TCGA-US-A77G-01A","TCGA-US-A77E-01A","TCGA-Q3-A5QY-01A","TCGA-IB-A5ST-01A","TCGA-IB-A5SO-01A","TCGA-IB-A5SS-01A","TCGA-IB-A6UF-01A","TCGA-HV-A7OL-01A","TCGA-IB-A6UG-01A","TCGA-HZ-A77P-01A","TCGA-HZ-A77O-01A","TCGA-LB-A7SX-01A","TCGA-RB-A7B8-01A","TCGA-US-A776-01A","TCGA-HZ-A8P0-01A","TCGA-IB-A7LX-01A","TCGA-HZ-A77Q-01A","TCGA-IB-A7M4-01A","TCGA-XN-A8T5-01A","TCGA-LB-A8F3-01A","TCGA-YB-A89D-01A","TCGA-YY-A8LH-01A","TCGA-S4-A8RP-01A","TCGA-XN-A8T3-01A","TCGA-F2-A8YN-01A","TCGA-S4-A8RO-01A","TCGA-HZ-A8P1-01A","TCGA-IB-AAUM-01A","TCGA-IB-AAUP-01A","TCGA-IB-AAUT-01A","TCGA-YH-A8SY-01A","TCGA-IB-AAUU-01A","TCGA-IB-AAUS-01A","TCGA-Q3-AA2A-01A","TCGA-S4-A8RM-01A","TCGA-2L-AAQA-01A","TCGA-2L-AAQL-01A","TCGA-3A-A9I5-01A","TCGA-3A-A9I9-01A","TCGA-3A-A9I7-01A","TCGA-3E-AAAY-01A","TCGA-3E-AAAZ-01A","TCGA-F2-A7TX-01A","TCGA-IB-AAUN-01A","TCGA-IB-AAUO-01A","TCGA-3A-A9IC-01A","TCGA-IB-AAUR-01A","TCGA-FB-A545-01A"
240.5005,422.4532,90.5941,89.3968,336.1887,224.0773,2288.2759,463.7994,107.7872,34.3654,278.7726,19.7425,379.4643,547.1349,1067.8101,119.9101,245.4448,70.7687,79.7774,283.5681,541.3905,60.0751,335.6427,1636.7604,15.748,136.7945,436.6812,23.6539,135.0174,330.4442,94.6341,889.8649,95.5387,1578.3745,197.6828,17.6991,161.3068,9.8882,743.2749,161.0459,122.3378,804.7004,249.8141,418.2692,91.1681,111.2145,279.7409,956.3853,102.6337,80.3206,926.072,249.6687,47.8528,577.0342,79.522,139.0863,215.4793,1506.7466,347.3818,229.4479,111.8662,45.1753,91.3594,110.1604,142.1842,224.9607,282.5051,177.5468,985.9386,171.1161,579.5651,162.4385,117.2423,21.3545,663.1128,331.4121,388.5255,34.9941,162.1924,12.9428,108.9522,142.6345,382.3228,185.4419,250.9404,13.8543,471.6274,143.8731,42.2366,117.728,51.109,314.1872,448.6755,322.1216,647.7202,157.7195,483.0464,586.9474,1068.5204,10.0759,20.8136,315.6561,14.1488,152.8384,432.9165,366.0987,500.1937,410.6651,68.9027,269.8706,136.3449,39.8773,183.2308,39.4294,1031.6607,0.49,476.7398,59.2379,1614.5711,154.7045,20.8582,70.5584,474.8201,31.7495,277.9248,521.6245,641.709,231.9729,113.1737,103.9427,51.9194,23.9234,1356.8925,161.9088,698.1872,513.3381,64.8649,176.5534,342.8274,128.4514,167.1388,80.727,152.6085,19.0726,161.3896,333.8954,204.6207,645.9259,120.8296,190.7646
224.7451,85.6549,296.5347,139.9254,243.4748,94.9033,533.1034,24.638,298.6983,73.3129,172.6842,455.794,68.8776,554.0005,75.0921,73.4449,338.6924,600.595,458.8745,57.277,73.3775,3510.6383,89.744,95.5383,236.2205,421.0153,220.524,16.8957,149.3902,164.6804,357.0732,1411.4865,259.2593,9.7968,417.0891,2317.5429,1358.244,121.2382,78.9474,19.5387,658.742,265.0999,38.6617,468.75,1150.9972,143.3225,17.3734,480.3891,110.7793,272.1808,607.1998,394.3811,187.4233,77.7788,430.5727,257.3604,227.5341,38.2309,123.98,4052.3517,508.8866,4203.4695,1801.8712,2641.7112,530.1927,761.9297,211.0279,2730.9771,57.906,508.202,15.2409,427.8682,1943.6727,2473.6941,249.5849,844.3804,189.3414,3114.4718,148.7696,677.1117,1766.479,720.9665,15.5732,123.0503,48.8984,2344.1397,23.0193,759.8468,747.3002,648.0539,159.595,145.8932,67.8808,43.9845,16.0796,131.0861,470.0052,283.3684,15.8888,29.724,63.9636,493.5803,87.6312,93.0131,1306.7272,1851.0266,858.1945,99.8197,179.7253,32.6556,198.0759,2023.773,59.2317,70.0452,150.5376,86.7222,93.7522,50.0537,3223.8543,34.9987,1887.3659,56.8528,271.8397,13.229,225.5161,171.9409,33.476,89.2591,27.5449,384.2294,1427.3426,387.5598,1.7523,242.4372,654.5811,73.54,54.4699,54.2932,205.6964,154.8619,152.4079,438.7151,545.1,1672.0269,178.1003,164.6993,29.5126,66.1728,1241.2083,33.3081
145.5051,261.9543,214.3564,75.3071,239.0406,343.5852,1120,194.9427,189.9977,148.3442,185.074,102.1459,286.352,474.254,589.4732,70.9468,191.8542,447.1583,190.4762,199.061,375.5203,150.8135,122.0519,525.2182,66.1417,192.7882,302.4017,33.0404,133.7108,282.2319,205.3659,626.3514,135.101,232.5835,231.7161,180.1145,369.1679,36.1135,187.1345,282.4223,208.0238,735.1351,207.4349,217.9487,109.9715,50.7213,285.3357,663.006,296.2259,123.0572,595.4519,235.0914,156.135,349.654,422.3321,601.0152,397.4312,1262.7436,192.9018,347.6483,269.9948,267.0763,554.7606,201.426,577.3019,191.4001,267.5289,365.4886,551.9001,255.1732,241.7944,512.3059,79.0111,154.7542,383.4659,108.5495,365.473,146.1517,416.1074,100.8174,270.9279,187.841,173.6415,160.0231,284.2558,152.951,500,99.5624,248.1401,149.6355,93.5391,310.741,382.4503,417.4213,445.2819,136.496,294.7314,304.4211,679.7418,39.7999,28.9359,312.7152,33.7745,412.2271,301.0206,471.8218,948.4696,726.0651,213.9357,215.65,76.7611,55.2147,167.7309,53.3457,502.3895,16.1685,285.246,156.1309,564.6298,296.7284,197.8546,157.868,500.5139,59.0894,195.8708,245.7806,262.6578,113.9693,105.3892,198.5663,157.5181,164.4737,567.1729,146.9962,406.1734,173.7563,82.7443,219.9879,346.0616,295.3181,128.0453,279.3745,378.352,135.7517,134.1249,209.1062,199.7019,689.8765,118.1244,290.6889
131.1399,68.6071,120.297,172.4775,655.85,77.3286,1081.3793,10.8061,298.6983,162.0903,298.1318,374.2489,202.1684,188.0116,141.1732,251.8111,271.1683,851.1038,534.9412,49.7653,41.3134,1748.4355,226.155,55.7711,401.5748,332.0634,26.2009,37.1705,93.2056,85.0488,259.0244,1940.5405,192.3401,6.5312,196.2346,1931.2858,1207.5549,163.8005,80.117,14.2099,624.5666,156.0517,34.2007,442.3077,243.8746,77.2452,200.8245,1038.9081,64.3497,850.7923,220.861,511.2642,200.3067,83.3844,530.2843,181.7259,120.1711,916.7916,186.9603,2167.6892,442.7601,3079.8699,2739.1304,2496.6132,651.3919,818.0388,771.273,2108.5239,186.5289,1109.4671,60.5516,411.2079,2074.1685,2178.1584,460.3688,543.3878,203.0694,1661.1888,140.9396,783.3787,1307.4269,1106.781,11.6799,108.03,127.8882,4505.9573,18.7366,824.9453,761.6991,365.2868,277.7242,34.463,71.7439,34.9288,41.2298,101.1236,259.7809,297.6842,191.1619,30.7316,150.2637,414.6662,163.3957,183.8428,364.3094,652.2499,876.7919,11.3863,249.1098,23.4134,111.6525,2194.4018,50.9282,139.6266,162.4851,62.7144,187.5044,44.5432,1336.0752,80.6493,2320.0238,76.6497,563.7205,9.2603,279.513,324.3671,65.922,90.2677,122.7545,365.5914,1088.9867,272.1292,73.5981,196.421,516.9035,58.3994,449.0644,22.9238,467.6683,192.0768,182.4363,261.623,778.6446,474.196,158.7511,157.3918,29.0207,65.679,1206.9432,40.1211
49.1196,106.0291,21.7822,26.236,122.9467,43.058,601.3793,40.1988,40.1918,15.4644,60.4007,45.0644,300.3827,71.8247,177.2174,18.4861,79.314,49.4755,38.3426,46.9484,127.0233,30.6633,42.1797,160.0388,15.748,59.1831,79.6943,58.5716,42.2474,78.5482,64.3902,151.3514,48.4007,46.0813,33.3092,58.8235,68.1981,61.4789,112.2807,20.1307,39.1283,297.0623,17.1004,113.7821,14.8148,48.3946,142.2261,156.5736,42.8998,13.0332,190.9877,119.7986,40.4908,19.9702,69.6333,35.0254,113.767,181.7841,106.5515,237.2188,62.7287,87.0979,114.4744,94.4742,115.2034,131.6203,71.4772,59.0437,267.4948,75.0509,151.9968,83.3018,17.3315,122.0633,176.5271,62.7602,76.669,41.1695,119.6868,28.6104,51.5707,79.5012,225.8119,58.3478,145.0833,45.9961,69.5931,66.7396,39.8368,61.0645,18.3221,130.3848,89.404,168.6072,83.2842,34.124,234.2201,74.9474,111.2214,12.0911,11.6759,200.9612,10.4975,84.2795,53.1839,77.3263,89.1127,103.6151,26.501,135.5514,14.4934,30.6748,89.1243,135.9156,168.4588,14.6987,26.5964,32.6038,111.6334,163.3274,26.8176,26.9036,155.1901,15.8748,79.9365,112.8692,261.6278,54.4632,17.9641,38.7097,121.8785,47.8469,265.1869,26.4167,61.7344,72.0981,22.869,53.4888,84.7366,78.6315,44.1926,181.7413,71.1848,59.0875,227.3527,46.0933,73.7815,180.2469,56.8079,57.5322
37.9981,14.9688,269.802,21.3775,162.0478,8.348,60.6897,6.9159,242.9778,24.6286,87.5036,242.9185,62.5,280.4331,32.2896,7.4944,60.0214,78.9103,108.2251,6.5728,14.1822,327.9099,44.872,1.9399,795.2756,57.4112,9.8253,21.7766,27.8746,56.338,209.2683,230.4054,8.4175,3.6284,182.4765,2219.1567,502.7055,128.5469,11.1111,10.6574,215.9485,41.3631,0.7435,701.1218,1232.4786,54.4439,2.6502,20.3954,2.1721,87.898,415.2052,60.1643,24.8466,1.7518,163.5764,5.5838,5.274,0.3748,2.3766,1512.0654,79.195,1972.8948,302.6968,473.7968,117.773,241.2166,26.5487,966.3202,42.0203,126.5144,1.2357,69.2919,1786.6701,933.2705,12.2346,189.8815,19.9443,854.2669,13.4228,632.1526,659.5242,57.6773,7.008,99.3645,11.2843,2034.9127,2.6767,146.6083,587.953,161.1883,11.0897,22.9753,25.9382,1.7249,2.8861,55.7636,947.8352,48.4211,13.4062,20.1518,16.2447,332.8113,26.0155,13.1004,1111.5425,486.2385,127.0825,27.7066,11.5641,51.1399,30.5971,961.273,43.7318,8.8136,60.3345,25.4777,19.9473,13.317,454.1716,6.594,1271.7521,7.1066,45.221,7.4964,45.5267,14.2405,10.3003,110.9436,2.994,217.2043,74.3591,69.378,18.6916,74.5633,124.4488,100.9373,17.0478,92.4995,62.097,346.3385,107.6487,17.7515,334.471,259.5363,13.6324,16.3013,12.2969,3.9506,416.1407,2.271
154.3095,191.2682,272.2772,222.0344,420.0343,176.1863,213.1034,144.37,120.5755,284.6604,193.2049,227.4678,209.8214,181.6741,82.6013,139.8951,156.4845,165.9621,189.2393,136.1502,205.3337,178.9737,336.5402,188.6518,20.4724,243.8203,191.048,250.8068,286.5854,140.8451,154.1463,191.2162,132.5758,232.2206,284.5764,130.6611,233.1802,110.4901,204.6784,211.9648,160.4755,325.2644,197.7695,241.9872,215.3846,247.0917,171.967,254.7851,314.9606,321.8887,233.9515,291.5452,181.5951,155.2071,102.1838,425.3807,854.3829,477.8861,336.687,118.6094,386.0429,354.897,239.956,266.3102,398.7152,211.3267,201.4976,250.3119,383.8191,238.4475,327.0609,257.4782,144.259,174.5269,518.7451,132.885,422.9748,127.6254,143.1767,112.3978,74.0875,125.4871,129.2578,93.0098,289.0919,68.1629,186.8308,99.5624,168.9465,127.0802,157.1842,188.9719,153.9735,304.0103,203.6752,123.1794,77.7256,175.1579,73.9821,97.2326,106.606,215.1755,147.8777,185.1528,172.8475,168.1957,229.3685,210.2666,105.5223,99.8152,220.6211,113.1135,271.8016,95.0945,211.4695,10.2891,109.0451,446.3507,263.8073,124.7781,237.1871,198.4772,272.8674,276.0445,189.5183,183.5443,234.3319,276.8546,126.9461,109.6774,312.8362,167.4641,186.3318,176.8215,149.9265,217.0151,124.7401,215.564,79.5618,55.8223,66.289,147.5063,151.1458,104.712,197.4494,214.1653,204.6207,199.0123,204.6889,172.5965
219.1844,139.7089,292.5743,135.5527,335.7855,126.0984,478.6207,48.8437,196.3919,79.6133,166.8764,290.1288,180.4847,329.0203,78.0958,67.4494,274.3837,267.4182,405.6895,81.6901,120.8571,1619.5244,70.0004,152.7643,198.4252,209.4445,175.7642,43.5533,114.9826,219.3933,160,1683.7838,142.6768,70.7547,328.0232,1934.9297,789.7907,173.2588,142.1053,39.0773,444.2793,157.9318,72.119,447.1154,1350.4274,157.7478,87.1614,464.3866,195.4928,425.5477,333.641,306.9176,135.2761,104.4057,244.7466,318.7817,152.5684,491.0045,175.8694,730.0613,613.6958,2017.3473,977.4353,1081.6399,439.4004,575.2491,428.8632,1575.4678,403.8044,428.4336,170.533,230.2158,892.5704,910.0706,258.3239,503.0419,180.7939,771.2417,148.7696,531.3351,599.2373,316.4458,46.7197,150.7799,115.5293,1477.4176,63.1692,298.14,652.7478,238.7567,182.7387,114.3021,89.9558,165.5886,73.389,178.943,582.6813,253.4737,89.3744,67.0049,61.4254,497.0113,52.031,130.5677,947.7362,778.9428,464.9361,192.8077,77.0939,113.9864,134.7345,1886.1196,85.8029,44.0682,169.0562,49.4855,158.9133,50.0537,1754.4066,105.5034,1340.2861,43.1472,274.409,42.3327,192.6945,310.654,64.3769,122.0379,38.9222,306.81,785.8304,264.9522,101.6355,148.7005,376.2861,97.3324,65.6965,48.2606,179.8227,229.892,214.1643,483.9391,350.5607,632.012,124.8901,151.2085,43.777,172.3457,2339.495,107.4943
36.1446,311.4345,29.703,68.991,135.4429,67.6626,156.5517,174.6272,107.7872,116.8425,125.4477,119.7425,143.4949,90.309,165.9536,7.4944,34.298,19.4144,25.3556,117.3709,424.8497,116.3955,49.3592,60.6208,9.4488,87.1799,73.1441,38.6723,41.8118,72.0477,57.561,427.7027,172.9798,34.8331,39.1021,34.3571,69.0148,6.0189,63.7427,249.2658,24.7647,372.2679,76.5799,221.9551,18.2336,52.1173,463.4865,105.4283,420.8526,19.7013,230.9306,292.3403,1440.184,115.6171,42.0272,153.2995,719.1433,577.5862,335.4987,133.3333,248.3011,89.9892,138.6901,49.5544,993.576,182.4856,137.5085,104.7817,245.9722,310.9253,217.4914,261.6433,51.4846,47.7181,204.8414,36.1832,295.5384,57.6373,372.4832,23.842,39.2228,45.986,65.4076,10.3986,436.3246,20.5043,46.0385,107.221,92.6326,17.0541,52.5554,92.4756,134.106,304.0103,478.678,15.8136,25.5608,136.4211,194.141,21.6632,48.2265,133.8107,8.6718,123.5808,55.3112,58.9777,201.8597,198.5008,45.2927,87.4923,61.731,21.8558,18.8213,18.555,722.8196,0,39.8945,131.3336,47.5911,52.2445,81.6448,36.5482,362.2816,23.3712,228.163,47.9958,398.6218,50.9332,25.7485,74.552,304.0363,61.6029,238.3178,162.761,37.7266,43.9798,49.896,199.8793,69.8592,11.4046,173.9377,147.929,90.6875,226.6268,42.6561,97.8078,81.6515,138.2716,49.1434,59.8032
176.089,28.6902,102.4752,124.864,359.1656,176.6257,216.5517,57.9209,375.4282,73.8857,119.6399,239.485,129.4643,210.1928,51.8136,54.9588,86.8167,788.4766,384.663,66.6667,31.4475,506.2578,43.0771,147.4297,122.8346,298.042,53.4934,32.665,84.9303,171.1809,122.439,874.3243,104.3771,14.1509,206.3722,1549.7137,889.4334,130.6965,116.9591,7.105,271.9168,206.8155,52.0446,485.5769,231.339,102.3732,26.2073,582.6796,145.8051,260.9662,301.7538,351.4445,178.2209,103.705,256.6955,174.1117,139.7602,239.8801,194.8824,844.5808,207.2661,2660.2819,1161.2548,599.287,367.0236,441.0068,526.2083,1451.5593,190.116,430.149,47.7822,385.8387,665.7321,1039.2521,203.0936,432.5969,225.0858,1362.7101,142.0582,456.4033,494.6432,508.1839,49.0557,143.8475,78.9898,1310.0582,12.3126,532.2757,442.5246,453.8578,248.7946,143.5956,57.3951,26.7357,38.756,147.3159,251.9562,227.7895,20.3575,59.4479,74.6242,351.9271,57.9644,59.3886,360.0547,1417.6496,677.6443,65.6609,85.767,56.069,129.3666,801.3804,42.0711,83.4976,121.2664,48.5056,146.28,57.4011,957.6968,56.3023,1705.006,32.4873,276.4645,23.3712,177.3425,253.692,78.2823,84.2163,15.5689,491.7563,803.8702,306.8182,15.1869,155.5177,379.7158,43.2588,109.3555,29.3585,244.5071,160.2641,116.1473,219.7802,595.8069,235.9761,205.8047,141.0905,26.0695,47.9012,1047.7908,53.7472
449.0269,600,373.7624,541.2391,747.7577,502.1968,1156.5517,569.6996,508.792,930.7307,588.1328,716.7382,882.0153,370.2139,891.3436,180.8644,478.0279,274.9335,706.2461,568.0751,1185.7561,322.2778,747.5679,1017.9437,114.9606,479.4897,439.9563,259.8178,337.5436,398.6999,214.1463,798.6486,587.5421,248.1858,1079.6524,612.7017,821.2353,408.8564,730.9942,364.1294,314.0168,993.6545,501.1152,868.5897,215.3846,260.121,778.8575,1190.4612,862.8835,608.315,728.7069,2467.0024,813.8037,501.708,614.3387,900,1141.4375,1960.2699,1089.2815,480.9816,616.3095,1156.8486,681.3429,563.6364,1467.2377,696.3818,1080.3268,1486.4865,1752.552,1008.2556,912.3928,1149.9432,574.4871,3408.5464,1360.4824,583.4134,823.4151,711.546,1154.3624,465.2589,315.9615,753.7023,555.9644,680.5315,794.734,631.1998,1513.9186,452.407,849.0521,958.3276,471.5526,645.0316,916.6667,1009.0556,660.5014,394.923,211.7893,522.5263,445.8788,260.4626,383.274,972.9462,413.5098,527.9476,393.5605,277.4137,645.4862,789.8283,357.5232,284.0419,307.0444,344.7086,213.677,150.2957,894.2652,1392.4547,468.096,1223.3315,669.2127,327.6693,475.5662,456.8528,1317.5745,302.5025,704.6056,575.9494,548.4913,438.7314,164.6707,444.4444,443.5146,874.4019,769.2757,823.1785,558.5497,516.943,705.1975,488.2365,492.8952,284.5138,550.1416,546.9146,547.0502,340.3141,528.1442,852.7263,234.6252,1048.3951,374.6619,852.3846
451.3438,391.684,521.7822,450.8706,591.3534,317.6626,591.7241,853.2526,1041.3336,395.7753,639.2411,1093.133,369.2602,373.9107,624.0156,260.8044,836.0129,865.5081,1159.5547,339.9061,673.3467,2818.5232,190.2574,342.386,948.0315,587.2242,286.0262,153.5628,348.8676,520.0433,870.2439,1444.5946,433.5017,76.1974,698.769,2646.0177,1223.4814,1070.5073,212.8655,361.169,732.5409,600.7051,310.0372,515.2244,896.2963,711.0284,1272.3793,860.0565,719.5221,1126.6103,667.6177,1087.4636,813.8037,313.5675,859.9094,580.7107,574.4859,351.1994,797.354,804.499,945.3738,4362.8478,2020.3632,1659.18,577.7302,1196.1196,1404.3567,1821.2058,444.7997,850.0054,185.362,856.4938,1922.2633,2198.9857,375.426,808.5175,403.5485,2029.6558,401.566,1484.3324,1342.2916,996.1029,229.7052,685.7308,297.1521,1608.7559,207.7088,1461.7068,966.6427,715.1699,618.1292,228.6043,411.6998,306.1665,294.3808,391.1777,347.4178,853.0526,264.1509,452.4089,510.6936,1290.0728,555.9105,426.6376,655.7569,936.6536,710.5773,173.0714,397.5156,359.2113,748.8234,1961.273,398.5685,699.0607,432.497,47.5257,463.4416,133.6297,1226.792,255.1357,1830.7509,654.8223,604.3165,380.1124,530.4394,574.3671,763.2526,247.1016,171.8563,1083.1541,567.1531,840.311,223.1308,415.85,829.0054,298.4859,240.3326,504.7255,531.059,471.1885,760.9065,537.1936,1165.7728,1516.8287,686.8953,541.8775,183.47,439.5062,1727.2317,234.6707
1550.9731,2896.8815,979.703,450.3848,981.1549,2972.3199,5794.4828,730.9272,613.8388,773.2224,719.3882,477.2532,1986.6071,3280.6971,874.0724,318.2613,1057.8778,2019.1013,793.4447,1281.6901,2750.1156,731.5394,568.0798,6051.4064,176.378,668.7339,2621.179,369.0764,804.4425,1046.0455,674.6341,8133.7838,682.2391,627.7213,907.3135,464.8621,885.758,142.7343,1635.6725,1660.7853,713.7197,4236.8978,1273.6059,1704.3269,468.3761,274.5463,4230.5654,2967.0537,1581.3196,358.5634,3225.644,555.7911,3071.7791,3230.621,733.0037,4496.9543,3750.9218,6846.7016,1602.6301,3177.0961,1208.5729,484.6404,1423.2251,803.2086,4647.5375,1740.43,1353.3016,2068.1913,3413.3768,3022.1936,1639.0117,3321.8478,376.1947,475.8625,2389.5832,626.9613,2880.5284,738.3062,4501.1186,641.0082,1421.4636,1426.3445,1083.8969,1269.2085,2912.4127,361.8731,1953.4261,1319.4748,1245.9803,1061.202,1228.5439,2302.1252,2033.1126,6395.4291,5979.146,622.9713,946.2702,2194.1053,1349.5531,119.3997,213.7197,1542.0095,95.3902,3717.0306,536.0932,1847.9685,4567.9969,6728.9117,349.3319,961.183,553.9683,329.3712,416.8362,421.1991,3298.0884,86.2322,765.3104,1932.3494,2854.2891,1242.7086,972.5864,1062.4365,3234.3268,170.2128,1595.0238,1606.5401,2541.6004,678.773,564.6707,1069.5341,1992.2957,2181.8182,4496.4953,804.8573,3664.8702,612.1125,392.5156,1532.2743,1648.8057,578.0312,1002.2663,6864.7506,1159.922,1167.5393,882.146,1736.9309,808.6452,6143.7037,1157.349,1434.5193
732.6228,1224.5322,887.6238,1084.4216,1176.2572,720.5624,2283.4483,491.0309,1522.7221,851.6902,1053.9154,1731.7597,1441.3265,952.733,727.6427,979.2656,2165.0589,2639.737,2448.9796,665.7277,1044.5506,2393.617,687.4394,1514.064,2204.7244,3123.9479,753.2751,324.0213,643.2927,1409.5341,1302.9268,3665.5405,1352.2727,423.8026,1254.1636,4539.3024,3463.8081,797.5064,791.2281,337.4858,1612.1842,973.913,672.8625,1438.3013,2078.6325,371.8008,639.576,2221.2112,1480.858,1482.4458,1304.6908,1824.5428,919.3252,747.3066,2440.0494,1632.4873,1121.4717,944.9025,1654.9156,4071.9836,1952.6921,4907.1196,6447.4408,3413.1907,1519.9143,2062.4017,2581.3479,4005.8212,903.9479,2439.7984,424.2729,1258.6142,2204.6642,4033.6267,1272.044,1334.2939,1060.1567,3371.0949,1312.0805,3074.2507,2879.9709,2106.781,267.8596,1051.4154,1010.2096,4692.1585,724.8394,2161.3786,2214.5428,1200.9352,1922.3722,669.73,554.6358,894.351,755.33,757.8027,1324.4653,1789.0526,646.9712,426.2115,607.1467,1524.8542,546.7823,1236.6812,1392.3532,2322.4115,2324.2929,569.314,946.81,362.2921,927.5748,3409.1258,646.5666,884.6109,1212.0669,521.3131,1904.9645,455.0756,2511.1633,420.9992,5423.1228,896.9543,1834.0185,313.9676,1221.2811,4067.5105,685.4853,584.9752,655.0898,2710.3943,1627.9801,1664.4737,1307.8271,702.173,2726.6046,545.7823,735.1351,336.6177,1453.4588,894.3577,1314.4476,1249.366,2117.9912,2046.3725,1089.27,2306.3519,631.0778,1396.0494,3375.5636,411.8092
117.2382,147.6091,60.396,87.9392,156.4043,46.5729,548.2759,105.9002,62.1146,39.5203,123.1246,129.1845,153.699,223.3958,191.4849,45.4659,120.0429,65.1323,66.1719,45.0704,137.5058,91.99,70.0004,342.871,75.5906,48.5514,228.1659,52.9398,62.7178,145.7205,56.5854,142.5676,108.5859,116.836,68.0666,74.961,65.7478,82.5451,71.9298,57.4318,189.2026,250.9988,27.5093,442.3077,34.7578,68.8692,93.0506,87.2294,92.8591,41.8273,128.5558,90.379,142.638,93.1944,97.6514,61.9289,94.5547,348.9505,196.0707,63.8037,107.1615,80.2313,48.9818,98.0392,121.1991,236.4971,68.7543,95.2183,317.7141,71.62,437.4542,126.4672,46.3872,57.209,296.7753,56.3561,108.2691,26.7602,196.868,45.6403,69.7294,70.9275,116.7992,118.4287,146.6953,44.3336,122.0557,106.1269,88.7929,180.4429,74.7348,68.3515,169.426,171.1945,208.6228,94.4653,99.6348,136,234.856,45.8454,27.9206,281.3457,15.0616,143.6681,98.922,85.6269,155.3661,410.6651,31.8013,92.4214,38.1122,52.1472,87.4636,26.4409,222.2222,39.1965,115.0293,252.1055,106.933,26.8831,69.1299,95.9391,152.6208,27.7808,101.6411,97.5738,68.497,90.772,31.7365,235.1254,63.3592,98.0861,248.8318,117.1709,98.4811,142.7541,48.6486,139.5536,86.6771,63.6255,86.6856,341.5046,69.2345,226.6268,72.9991,148.398,128.3798,359.0123,62.2182,175.6245
71.8258,7.0686,86.1386,35.4672,112.466,13.181,46.8966,1.729,111.441,12.6007,48.398,130.4721,6.3776,106.1526,3.0037,4.4966,9.6463,187.8816,140.3834,3.7559,9.2493,232.1652,17.0514,3.8797,25.1969,53.5129,5.4585,4.1301,5.2265,30.3359,108.7805,439.8649,12.6263,25.762,68.0666,731.3899,259.316,27.0851,0,0.5921,184.7449,29.1422,3.7175,137.8205,407.4074,26.524,8.245,39.8494,5.1588,50.6171,162.7926,83.2229,20.2454,3.1532,101.7717,3.5533,2.637,3.3733,8.7143,719.4274,168.322,1561.6191,1186.0209,355.4367,118.6296,236.4971,40.8441,1143.0353,11.7862,89.2034,2.8834,32.9421,828.342,948.2977,55.5798,365.0336,10.8787,752.0293,33.557,214.5777,426.3664,120.8106,0,16.1756,8.5975,778.0549,6.9593,211.1597,180.4656,132.0314,4.3394,6.8926,8.2781,0,1.6492,18.7266,143.4533,65.6842,2.9791,1.0076,14.2141,145.5743,14.6052,22.2707,462.1677,588.9035,191.7861,2.2773,4.8184,6.7776,20.9348,575.5368,7.1964,12.9885,63.9188,9.3092,123.6731,2.7553,551.7039,26.8831,585.8164,3.0457,91.9836,6.1735,132.3452,10.5485,9.7853,9.0772,6.5868,133.3333,237.1571,13.1579,23.3645,17.043,104.3606,12.9776,51.5593,2.413,12.29,63.0252,13.5977,15.6382,145.295,130.8901,26.3852,15.1771,2.4594,0.4938,849.8647,1.514
2481.0009,5088.5655,291.5842,661.2446,3224.4281,6420.0351,23666.8966,1762.265,2615.209,399.7846,1576.2269,1186.6953,4989.1582,5500.3961,3639.7155,414.689,1676.313,2330.9848,870.7483,1871.3615,7357.4842,747.8098,2197.8318,15405.4316,75.5906,1276.8672,5507.6419,494.8553,2330.1394,2244.8537,1446.3415,14408.1081,1065.6566,2619.3759,1391.021,240.4997,950.2808,110.4901,3425.1462,2815.342,586.9242,12349.7062,3377.6952,2201.1218,313.9601,704.9791,7851.2956,13671.4779,2907.684,210.046,15270.9575,2417.1747,3909.5092,7609.0041,633.2921,16755.8376,9658.8967,47894.3028,3109.4035,3451.9427,2235.2326,750.9939,1426.5272,1590.7308,9604.2827,6351.3372,2219.1967,4394.1788,23013.262,3946.3922,7037.9879,7868.989,59.1309,811.7344,9265.0529,1813.0003,6651.0393,1189.7982,7767.3378,680.5177,2195.0245,3117.6929,5170.3127,4660.312,8121.4401,105.8465,4084.0471,2428.884,884.0893,831.7976,1080.0386,5844.3423,5542.4945,30071.5826,12747.0181,586.3504,1182.0553,8411.7895,2903.1778,65.9973,204.0744,3278.6082,68.9183,6525.7642,1114.2017,3471.3849,10806.6641,18147.0728,435.0989,1390.0185,555.5787,183.2822,1398.8646,76.5395,12499.4026,24.9878,1957.4924,1867.1418,5876.0282,4028.4048,224.0763,570.0508,7653.6485,215.6322,4091.0535,2335.443,6486.6173,1156.8389,1133.5329,736.9176,2551.0889,3139.3541,24491.8224,1936.0886,8824.1058,1753.4247,1562.578,3746.6318,1267.1676,1353.5414,1321.2465,7917.5824,952.706,1101.3463,1047.4934,3245.0815,2436.2651,15922.963,1494.5897,4186.9796
2561.6311,2790.8524,3006.4356,2247.5513,2554.4694,2336.5554,5534.4828,2092.5005,1836.9491,2095.7192,2591.4239,1925.3219,2776.7857,2587.2722,2330.1088,2005.4959,2807.074,3824.6438,3129.8701,1919.2488,4257.1296,1704.6308,2798.2195,4599.418,719.685,2854.7249,2108.0786,2768.2609,2762.1951,2583.4236,2312.1951,4551.3514,3128.367,2688.5813,1807.386,1497.1369,2905.5641,2326.3113,1941.5205,2833.6965,1844.4775,3444.4183,2213.8587,2459.9359,728.2051,1369.9395,3959.1166,9797.6153,1929.1339,2893.3607,2933.6242,4002.6504,3471.1656,3410.7033,2000.412,2826.5685,3202.8058,5760.8696,2983.0468,1633.1288,3061.1605,2424.6476,2580.6274,3220.3209,4249.6274,2971.6833,2938.0531,3031.6008,3901.2217,3149.1369,2899.0611,3994.4832,2480.4384,1974.1044,4204.1528,2233.7496,3640.2253,2652.0012,2913.8702,2524.5232,1985.8362,3151.9875,3383.2222,3150.2022,3873.1865,1185.9241,3206.6381,3130.1969,2574.0341,2856.8285,2740.1157,3244.1126,2706.9536,2948.2536,3009.3633,3389.5131,1450.7042,3675.3684,2179.2453,2019.7186,1710.7728,2391.9184,3486.0794,3498.2533,1274.2851,2024.028,4152.654,4938.0435,2231.5276,1215.65,2153.0686,1554.0644,1310.2939,2434.4196,3179.3967,1084.7624,2470.1373,2763.6132,3980.611,1916.2516,2657.9261,1718.7817,3243.0627,1597.7334,3307.0408,3405.5907,3075.0068,1727.694,3022.7545,2618.638,3144.2016,3137.5598,5172.7395,3001.7043,3798.1382,2503.2444,3064.8649,2756.0828,1525.9053,1403.3613,2371.6714,3032.5444,1908.825,3459.2371,2211.5875,1995.5031,1752.0647,4078.5185,2141.4743,2130.2044
